filename,label
4_latino_0_istockphoto-1128678986-612x612.jpg,3
4_latino_0_istockphoto-1636023306-612x612.jpg,3
4_latino_0_istockphoto-939135324-640x640.jpg,3
4_latino_1_istockphoto-1167513457-612x612.jpg,3
4_latino_0_istockphoto-1297125583-612x612.jpg,3
4_latino_0_istockphoto-1445619121-612x612.jpg,3
4_latino_0_istockphoto-1139493497-612x612.jpg,3
4_latino_0_istockphoto-1196443138-612x612.jpg,3
4_latino_0_istockphoto-1487258184-612x612.jpg,3
4_latino_0_istockphoto-1805645293-612x612.jpg,3
4_latino_0_istockphoto-1455755410-612x612.jpg,3
4_latino_0_istockphoto-1180927423-612x612.jpg,3
4_latino_1_istockphoto-1437892728-612x612.jpg,3
4_latino_0_istockphoto-939135082-640x640.jpg,3
4_latino_0_istockphoto-1357723739-612x612.jpg,3
4_latino_0_istockphoto-1089952014-612x612.jpg,3
4_latino_0_istockphoto-1205724719-612x612.jpg,3
4_latino_0_istockphoto-1386863839-612x612.jpg,3
4_latino_0_istockphoto-939108006-612x612.jpg,3
4_latino_0_istockphoto-1496615448-612x612.jpg,3
4_latino_0_istockphoto-479354826-612x612.jpg,3
4_latino_0_istockphoto-1425262386-612x612.jpg,3
4_latino_0_istockphoto-1548826281-640x640.jpg,3
4_latino_0_istockphoto-1162358018-612x612.jpg,3
4_latino_0_istockphoto-1496613385-612x612.jpg,3
4_latino_0_istockphoto-1191193169-612x612 (1).jpg,3
4_latino_0_istockphoto-1354059625-612x612.jpg,3
4_latino_0_istockphoto-479262958-612x612.jpg,3
4_latino_0_istockphoto-1399395748-612x612.jpg,3
4_latino_0_istockphoto-689429126-612x612.jpg,3
4_latino_0_istockphoto-1420793455-612x612.jpg,3
4_latino_0_istockphoto-1212702108-612x612.jpg,3
4_latino_0_istockphoto-1139495240-612x612.jpg,3
4_latino_0_istockphoto-1667643471-640x640.jpg,3
4_latino_0_istockphoto-1311957094-612x612.jpg,3
4_latino_0_istockphoto-914875306-612x612.jpg,3
4_latino_0_istockphoto-494711316-612x612.jpg,3
4_latino_0_istockphoto-1180926773-612x612.jpg,3
4_latino_0_istockphoto-1357723739-612x612 (1).jpg,3
4_latino_0_istockphoto-1139722168-612x612.jpg,3
4_latino_0_istockphoto-1191193169-612x612.jpg,3
4_latino_1_istockphoto-1386863102-612x612.jpg,3
4_latino_3_istockphoto-1304581885-612x612.jpg,3
4_latino_0_istockphoto-1399565382-612x612.jpg,3
4_latino_0_istockphoto-2150960831-612x612.jpg,3
4_latino_0_istockphoto-1130630420-640x640.jpg,3
4_latino_0_istockphoto-1180925302-612x612.jpg,3
4_latino_0_istockphoto-1353444509-612x612.jpg,3
4_latino_0_istockphoto-1248195845-612x612.jpg,3
4_latino_0_istockphoto-1150572112-612x612.jpg,3
4_latino_0_istockphoto-1494578314-612x612.jpg,3
4_latino_0_istockphoto-1139930910-612x612.jpg,3
4_latino_0_istockphoto-494711330-612x612.jpg,3
4_latino_0_istockphoto-1328492636-612x612.jpg,3
4_latino_0_istockphoto-1365223878-612x612.jpg,3
4_latino_0_istockphoto-825083304-612x612.jpg,3
4_latino_0_istockphoto-1607497623-612x612.jpg,3
4_latino_0_istockphoto-1398994132-612x612.jpg,3
4_latino_0_istockphoto-657676320-612x612.jpg,3
4_latino_0_istockphoto-1147066751-612x612.jpg,3
4_latino_0_istockphoto-1366052701-612x612.jpg,3
4_latino_0_istockphoto-1328492656-612x612.jpg,3
4_latino_0_istockphoto-1354898581-612x612.jpg,3
4_latino_0_istockphoto-1011793090-612x612.jpg,3
4_latino_0_istockphoto-1137020060-612x612.jpg,3
4_latino_0_istockphoto-1126519695-612x612.jpg,3
4_latino_0_istockphoto-1386863102-612x612.jpg,3
4_latino_0_istockphoto-1483869287-612x612.jpg,3
4_latino_0_istockphoto-938707792-612x612.jpg,3
4_latino_0_istockphoto-1180616281-612x612.jpg,3
4_latino_1_istockphoto-1060638228-612x612.jpg,3
4_latino_0_istockphoto-1254993943-612x612.jpg,3
4_latino_0_istockphoto-1324227698-612x612.jpg,3
4_latino_0_istockphoto-1961181914-612x612.jpg,3
4_latino_0_istockphoto-167442618-612x612.jpg,3
4_latino_0_istockphoto-1392528328-612x612.jpg,3
4_latino_1_istockphoto-951730894-640x640.jpg,3
4_latino_0_istockphoto-1490764452-612x612.jpg,3
4_latino_0_istockphoto-1369508766-612x612.jpg,3
4_latino_1_istockphoto-1204417160-612x612.jpg,3
4_latino_0_istockphoto-1319790074-612x612.jpg,3
4_latino_0_istockphoto-1384357158-612x612.jpg,3
4_latino_0_istockphoto-1475804411-612x612.jpg,3
4_latino_0_istockphoto-1808606022-612x612.jpg,3
4_latino_0_istockphoto-1011792066-612x612.jpg,3
4_latino_0_istockphoto-1184215364-612x612.jpg,3
4_latino_0_istockphoto-1208414307-612x612.jpg,3
4_latino_0_istockphoto-1181083533-612x612.jpg,3
4_latino_0_istockphoto-1434640607-612x612.jpg,3
4_latino_0_istockphoto-1496615764-612x612.jpg,3
4_latino_0_istockphoto-992048656-612x612.jpg,3
4_latino_0_istockphoto-1496615229-612x612.jpg,3
6_middleeast_0_istockphoto-1729522394-612x612.jpg,5
6_middleeast_0_istockphoto-1393981125-640x640.jpg,5
6_middleeast_0_istockphoto-1430206712-612x612.jpg,5
6_middleeast_0_istockphoto-1391746573-612x612.jpg,5
6_middleeast_0_istockphoto-1422327444-612x612.jpg,5
6_middleeast_0_istockphoto-1398048365-612x612.jpg,5
6_middleeast_0_istockphoto-625715918-612x612.jpg,5
6_middleeast_0_istockphoto-610153514-612x612.jpg,5
6_middleeast_0_istockphoto-926874118-612x612.jpg,5
6_middleeast_0_istockphoto-2175189007-612x612.jpg,5
6_middleeast_1_istockphoto-1321526593-612x612.jpg,5
6_middleeast_0_istockphoto-1618085083-612x612.jpg,5
6_middleeast_0_istockphoto-496713514-612x612.jpg,5
6_middleeast_0_istockphoto-628709080-612x612.jpg,5
6_middleeast_0_istockphoto-1393101432-612x612.jpg,5
6_middleeast_0_istockphoto-513472506-612x612.jpg,5
6_middleeast_0_istockphoto-1494359352-612x612.jpg,5
6_middleeast_0_istockphoto-1182980564-612x612.jpg,5
6_middleeast_0_istockphoto-1394149760-612x612.jpg,5
6_middleeast_0_istockphoto-468900036-612x612.jpg,5
6_middleeast_0_istockphoto-1172050092-612x612.jpg,5
6_middleeast_0_istockphoto-1194678134-612x612.jpg,5
6_middleeast_0_istockphoto-617363544-612x612.jpg,5
6_middleeast_0_istockphoto-494614410-612x612.jpg,5
6_middleeast_0_istockphoto-1391771140-612x612.jpg,5
6_middleeast_0_istockphoto-2192933531-612x612.jpg,5
6_middleeast_0_istockphoto-1346124870-612x612.jpg,5
6_middleeast_0_istockphoto-2175193915-612x612.jpg,5
6_middleeast_0_istockphoto-1394006287-640x640.jpg,5
6_middleeast_0_istockphoto-531181666-612x612 (1).jpg,5
6_middleeast_0_istockphoto-2197369871-612x612.jpg,5
6_middleeast_0_istockphoto-495700282-612x612.jpg,5
6_middleeast_0_istockphoto-1636023306-612x612.jpg,5
6_middleeast_0_istockphoto-1219932861-612x612.jpg,5
6_middleeast_0_istockphoto-1397179727-612x612.jpg,5
6_middleeast_0_istockphoto-1393101439-612x612.jpg,5
6_middleeast_0_istockphoto-2158083833-612x612.jpg,5
6_middleeast_0_istockphoto-1050607276-612x612.jpg,5
6_middleeast_0_istockphoto-2160966763-612x612.jpg,5
6_middleeast_0_istockphoto-1393979695-640x640.jpg,5
6_middleeast_0_istockphoto-2192933445-612x612.jpg,5
6_middleeast_0_istockphoto-1130421160-612x612.jpg,5
6_middleeast_0_istockphoto-2153696341-612x612.jpg,5
6_middleeast_0_istockphoto-454105323-612x612.jpg,5
6_middleeast_0_istockphoto-1176308829-612x612.jpg,5
6_middleeast_0_istockphoto-2198666967-612x612.jpg,5
6_middleeast_0_istockphoto-1342029049-612x612.jpg,5
6_middleeast_1_istockphoto-2197370618-612x612.jpg,5
6_middleeast_0_istockphoto-1462635983-612x612.jpg,5
6_middleeast_0_istockphoto-1204272784-612x612.jpg,5
6_middleeast_0_istockphoto-2169658879-612x612.jpg,5
6_middleeast_0_istockphoto-2194497495-612x612.jpg,5
6_middleeast_0_istockphoto-1204277141-612x612.jpg,5
6_middleeast_0_istockphoto-1494356260-612x612.jpg,5
6_middleeast_0_istockphoto-484830386-612x612 (1).jpg,5
6_middleeast_0_istockphoto-1393101441-612x612.jpg,5
6_middleeast_0_istockphoto-522484815-612x612.jpg,5
6_middleeast_0_istockphoto-1494368347-612x612.jpg,5
6_middleeast_0_istockphoto-473175386-612x612.jpg,5
6_middleeast_0_istockphoto-1393979668-640x640.jpg,5
6_middleeast_2_istockphoto-2198666788-612x612.jpg,5
6_middleeast_1_istockphoto-522484815-612x612.jpg,5
6_middleeast_0_istockphoto-1870330479-612x612.jpg,5
6_middleeast_1_istockphoto-1141882053-612x612.jpg,5
6_middleeast_0_istockphoto-1729530977-612x612.jpg,5
6_middleeast_0_istockphoto-490819048-612x612 (1).jpg,5
6_middleeast_0_istockphoto-480040672-612x612 (1).jpg,5
6_middleeast_1_istockphoto-1494356161-612x612.jpg,5
6_middleeast_0_istockphoto-1395810586-612x612.jpg,5
6_middleeast_1_istockphoto-1390994392-612x612.jpg,5
6_middleeast_1_istockphoto-1220125471-612x612.jpg,5
6_middleeast_0_istockphoto-2155022682-640x640.jpg,5
6_middleeast_0_istockphoto-495700562-612x612.jpg,5
6_middleeast_0_istockphoto-1152263687-612x612.jpg,5
6_middleeast_1_istockphoto-1495502715-612x612.jpg,5
6_middleeast_0_istockphoto-174525099-612x612.jpg,5
6_middleeast_0_istockphoto-1405075676-612x612.jpg,5
6_middleeast_0_istockphoto-530992468-612x612.jpg,5
6_middleeast_0_istockphoto-1390994392-612x612.jpg,5
6_middleeast_0_istockphoto-2197370618-612x612.jpg,5
6_middleeast_0_istockphoto-2190794013-612x612.jpg,5
6_middleeast_0_istockphoto-2197369772-612x612.jpg,5
6_middleeast_0_istockphoto-480040672-612x612.jpg,5
6_middleeast_0_istockphoto-1351829767-612x612.jpg,5
6_middleeast_0_istockphoto-2194497485-612x612.jpg,5
6_middleeast_0_istockphoto-1394149744-612x612.jpg,5
6_middleeast_0_istockphoto-1401473262-612x612.jpg,5
6_middleeast_0_istockphoto-475570490-612x612.jpg,5
6_middleeast_0_istockphoto-1434640607-612x612.jpg,5
6_middleeast_0_istockphoto-1430206669-612x612.jpg,5
3_asian_0_istockphoto-1450340623-612x612.jpg,2
3_asian_0_istockphoto-2077512743-612x612.jpg,2
3_asian_0_istockphoto-1221363425-612x612.jpg,2
3_asian_0_istockphoto-1287669129-612x612.jpg,2
3_asian_0_istockphoto-1359069231-612x612.jpg,2
3_asian_0_istockphoto-1350690621-612x612.jpg,2
3_asian_0_istockphoto-1421792559-612x612.jpg,2
3_asian_0_istockphoto-1332972396-612x612 (1).jpg,2
3_asian_0_istockphoto-1288538088-612x612.jpg,2
3_asian_2_istockphoto-1567296841-612x612.jpg,2
3_asian_2_istockphoto-543084318-612x612.jpg,2
3_asian_0_istockphoto-1052677208-612x612.jpg,2
3_asian_0_istockphoto-1131602237-612x612.jpg,2
3_asian_0_istockphoto-1318327528-612x612.jpg,2
3_asian_0_istockphoto-1479362784-612x612.jpg,2
3_asian_0_istockphoto-1309193267-612x612.jpg,2
3_asian_0_istockphoto-503069449-612x612.jpg,2
3_asian_0_istockphoto-1187554438-612x612.jpg,2
3_asian_0_istockphoto-1467754763-612x612.jpg,2
3_asian_0_istockphoto-1425162918-612x612.jpg,2
3_asian_0_istockphoto-1927028123-612x612.jpg,2
3_asian_0_istockphoto-1153363914-612x612.jpg,2
3_asian_0_istockphoto-864452362-612x612.jpg,2
3_asian_0_istockphoto-1187609554-612x612.jpg,2
3_asian_0_istockphoto-1264838806-612x612.jpg,2
3_asian_0_istockphoto-1382808763-612x612.jpg,2
3_asian_1_istockphoto-2077512743-612x612.jpg,2
3_asian_2_istockphoto-2077512743-612x612.jpg,2
3_asian_0_istockphoto-1454518944-612x612.jpg,2
3_asian_0_istockphoto-1492178381-612x612.jpg,2
3_asian_0_istockphoto-489776304-612x612.jpg,2
3_asian_0_istockphoto-182352853-612x612.jpg,2
3_asian_0_istockphoto-960115700-612x612.jpg,2
3_asian_0_istockphoto-1386710118-612x612.jpg,2
3_asian_0_istockphoto-1458081144-612x612.jpg,2
3_asian_0_istockphoto-1149504274-612x612.jpg,2
3_asian_0_istockphoto-1181452742-612x612.jpg,2
3_asian_0_istockphoto-1310186605-612x612.jpg,2
3_asian_0_istockphoto-626628638-612x612.jpg,2
3_asian_1_istockphoto-541148644-612x612.jpg,2
3_asian_0_istockphoto-1327765575-612x612.jpg,2
3_asian_0_istockphoto-1385911546-612x612.jpg,2
3_asian_1_istockphoto-1473821190-612x612.jpg,2
3_asian_0_istockphoto-1354178254-612x612.jpg,2
3_asian_0_istockphoto-484031465-612x612.jpg,2
3_asian_0_istockphoto-1194465593-612x612.jpg,2
3_asian_0_istockphoto-1403040788-612x612.jpg,2
3_asian_0_istockphoto-1458081144-612x612 (1).jpg,2
3_asian_1_istockphoto-1148429343-612x612.jpg,2
3_asian_0_istockphoto-1194465588-612x612.jpg,2
3_asian_0_istockphoto-528633874-612x612.jpg,2
3_asian_0_istockphoto-860483728-612x612.jpg,2
3_asian_0_istockphoto-185236858-612x612.jpg,2
3_asian_0_istockphoto-644244840-612x612.jpg,2
3_asian_0_istockphoto-1466218606-612x612.jpg,2
3_asian_0_istockphoto-1437836827-612x612.jpg,2
3_asian_0_LeagueofLegends_GenGChovy_T1Faker_Worlds2024-1536x864.jpg,2
3_asian_0_istockphoto-1332972396-612x612.jpg,2
3_asian_0_istockphoto-1157185406-612x612.jpg,2
3_asian_0_istockphoto-1473839183-612x612.jpg,2
3_asian_0_istockphoto-1288226187-612x612.jpg,2
3_asian_0_istockphoto-1414347061-612x612.jpg,2
3_asian_0_istockphoto-1475709730-612x612.jpg,2
3_asian_0_istockphoto-1183961310-612x612.jpg,2
3_asian_0_istockphoto-1352097445-612x612.jpg,2
3_asian_0_istockphoto-1278236579-612x612.jpg,2
3_asian_0_istockphoto-1369527256-612x612.jpg,2
3_asian_0_istockphoto-1146823928-612x612.jpg,2
3_asian_0_istockphoto-1204673256-612x612.jpg,2
3_asian_0_istockphoto-1437836651-612x612.jpg,2
3_asian_0_istockphoto-1272948434-612x612.jpg,2
3_asian_0_istockphoto-1385994671-612x612.jpg,2
3_asian_0_istockphoto-2075743623-612x612.jpg,2
3_asian_0_istockphoto-626629474-612x612.jpg,2
3_asian_1_istockphoto-1327099311-612x612.jpg,2
3_asian_1_istockphoto-543084318-612x612.jpg,2
3_asian_0_istockphoto-1783956687-612x612.jpg,2
3_asian_0_istockphoto-1382768668-612x612.jpg,2
3_asian_0_istockphoto-1327765791-612x612.jpg,2
3_asian_0_istockphoto-1089292068-612x612.jpg,2
3_asian_0_istockphoto-1187554204-612x612.jpg,2
3_asian_0_istockphoto-951359672-612x612.jpg,2
3_asian_1_istockphoto-1363251488-612x612.jpg,2
3_asian_0_istockphoto-503415236-612x612.jpg,2
3_asian_0_istockphoto-543084318-612x612.jpg,2
3_asian_0_istockphoto-1389245890-612x612.jpg,2
3_asian_0_istockphoto-1931352547-612x612.jpg,2
3_asian_0_istockphoto-1411428110-612x612.jpg,2
3_asian_1_istockphoto-1411541227-612x612.jpg,2
3_asian_0_istockphoto-1437836910-612x612.jpg,2
3_asian_0_istockphoto-1363251488-612x612.jpg,2
3_asian_0_istockphoto-1391942764-612x612.jpg,2
3_asian_0_istockphoto-1330575648-612x612.jpg,2
1_white_1_istockphoto-846067512-612x612.jpg,0
1_white_0_istockphoto-658613000-612x612.jpg,0
1_white_0_istockphoto-1132792394-612x612.jpg,0
1_white_0_istockphoto-469757980-612x612.jpg,0
1_white_0_istockphoto-1336324740-612x612.jpg,0
1_white_0_istockphoto-1401433344-612x612.jpg,0
1_white_0_istockphoto-1317804584-612x612.jpg,0
1_white_0_istockphoto-1302319506-612x612.jpg,0
1_white_0_images (2).jpg,0
1_white_0_istockphoto-1468533261-612x612.jpg,0
1_white_0_1000_F_310721455_DIAtwUaPF5XYUBm0l4n36uFjoPM1XtKa.jpg,0
1_white_0_istockphoto-1151215390-612x612.jpg,0
1_white_0_istockphoto-805011976-612x612.jpg,0
1_white_0_istockphoto-855493218-612x612.jpg,0
1_white_0_close-up-portrait-of-smiling-handsome-young-caucasian-man-face-looking-at-camera-on-isolated-light-gray-studio-background-photo.jpg,0
1_white_0_istockphoto-477577566-612x612.jpg,0
1_white_0_depositphotos_244333324-stock-photo-close-portrait-attractive-young-caucasian.jpg,0
1_white_0_istockphoto-529676352-612x612.jpg,0
1_white_0_istockphoto-155161606-612x612.jpg,0
1_white_0_istockphoto-1179597975-612x612.jpg,0
1_white_0_istockphoto-1167535115-612x612.jpg,0
1_white_0_images (1).jpg,0
1_white_0_istockphoto-1425797951-612x612.jpg,0
1_white_0_istockphoto-866959424-612x612.jpg,0
1_white_0_istockphoto-88583803-612x612.jpg,0
1_white_0_istockphoto-690010464-612x612.jpg,0
1_white_0_istockphoto-1444490810-612x612.jpg,0
1_white_0_istockphoto-146836042-612x612.jpg,0
1_white_0_istockphoto-970536976-612x612.jpg,0
1_white_0_istockphoto-1326996490-612x612.jpg,0
1_white_0_istockphoto-1131350065-612x612.jpg,0
1_white_0_istockphoto-959566180-612x612.jpg,0
1_white_0_istockphoto-506116452-612x612.jpg,0
1_white_0_istockphoto-1214385229-612x612.jpg,0
1_white_0_istockphoto-1490616219-612x612.jpg,0
1_white_0_istockphoto-504907926-612x612.jpg,0
1_white_0_istockphoto-686206310-612x612.jpg,0
1_white_0_istockphoto-514685863-612x612.jpg,0
1_white_0_istockphoto-681258166-612x612.jpg,0
1_white_0_istockphoto-968972386-612x612.jpg,0
1_white_0_istockphoto-975695090-612x612.jpg,0
1_white_0_istockphoto-1273856989-612x612.jpg,0
1_white_0_istockphoto-1428973021-612x612.jpg,0
1_white_1_istockphoto-1319473993-612x612.jpg,0
1_white_0_istockphoto-1130907751-612x612.jpg,0
1_white_0_istockphoto-1245820678-612x612.jpg,0
1_white_0_istockphoto-1458790796-612x612.jpg,0
1_white_0_istockphoto-1044242628-612x612.jpg,0
1_white_0_istockphoto-1158245623-612x612.jpg,0
1_white_0_istockphoto-998716278-612x612.jpg,0
1_white_0_istockphoto-1159519056-612x612.jpg,0
1_white_0_istockphoto-187016129-612x612.jpg,0
1_white_0_istockphoto-1476170969-612x612.jpg,0
1_white_0_istockphoto-1182005865-612x612.jpg,0
1_white_0_1000_F_202709401_7tYTNxhu8BuiVtBqiUx6BnFCMusqjEoh.jpg,0
1_white_0_istockphoto-1173755606-612x612.jpg,0
1_white_0_stock-photo-close-up-portrait-of-cute-european-guy-with-begging-expression-looking-with-puppy-eyes-at-camera-1033291333.jpg,0
1_white_0_istockphoto-1400612093-612x612.jpg,0
1_white_0_istockphoto-1311857754-612x612.jpg,0
1_white_1_istockphoto-652806342-612x612.jpg,0
1_white_0_istockphoto-805011368-612x612.jpg,0
1_white_0_Lewis_Baston__Stuart_Anning-min.jpg,0
1_white_0_istockphoto-1200677760-612x612.jpg,0
1_white_0_istockphoto-686206274-612x612.jpg,0
1_white_0_images.jpg,0
1_white_0_istockphoto-1319473993-612x612.jpg,0
1_white_0_istockphoto-1443006048-612x612.jpg,0
1_white_0_istockphoto-1298016170-612x612.jpg,0
1_white_0_1000_F_303774649_NPa6T7U22KBI2P8BxQ7MhIGJLB7KBd3P.jpg,0
1_white_0_gettyimages-1919265357-612x612.jpg,0
1_white_0_istockphoto-1371934584-612x612.jpg,0
1_white_0_istockphoto-545338914-612x612.jpg,0
1_white_0_istockphoto-1130821896-612x612.jpg,0
1_white_0_istockphoto-1320651997-612x612.jpg,0
1_white_0_istockphoto-499512020-612x612.jpg,0
1_white_0_images (3).jpg,0
1_white_0_istockphoto-600173374-612x612.jpg,0
1_white_0_istockphoto-1919265357-612x612.jpg,0
1_white_0_istockphoto-1811769726-612x612.jpg,0
1_white_0_istockphoto-958427478-612x612.jpg,0
1_white_0_istockphoto-652806342-612x612.jpg,0
1_white_0_istockphoto-673361134-612x612.jpg,0
1_white_1_istockphoto-913654262-612x612.jpg,0
1_white_0_istockphoto-1188191722-612x612.jpg,0
1_white_0_istockphoto-1135353735-612x612.jpg,0
1_white_0_istockphoto-1412730081-612x612.jpg,0
1_white_1_istockphoto-686206274-612x612.jpg,0
1_white_0_istockphoto-1161094484-612x612.jpg,0
1_white_0_istockphoto-1346203558-612x612.jpg,0
1_white_1_istockphoto-1147889739-612x612.jpg,0
1_white_0_istockphoto-1225033312-612x612.jpg,0
2_black_0_images.jpg,1
2_black_0_istockphoto-1415171922-612x612.jpg,1
2_black_0_istockphoto-1296271163-612x612.jpg,1
2_black_1_istockphoto-1351445530-612x612.jpg,1
2_black_0_FD6U7E2N65T5KLoCfFBSq.jpg,1
2_black_0_a25mdW9Qp2bm2LOIaa3Ca.jpg,1
2_black_0_istockphoto-2158303299-612x612.jpg,1
2_black_0_tomislav-drenjancevic-17-10-12.jpg,1
2_black_0_istockphoto-1394347322-612x612.jpg,1
2_black_0_istockphoto-1347495868-612x612.jpg,1
2_black_0_istockphoto-1359187771-612x612.jpg,1
2_black_0_istockphoto-1262964438-612x612.jpg,1
2_black_0_istockphoto-1196391449-612x612.jpg,1
2_black_0_istockphoto-1146745072-612x612.jpg,1
2_black_0_istockphoto-843435036-612x612.jpg,1
2_black_0_portrait-outdoors-serious-angry-male-face-african-american-man-looking-at-camera-standing-in-urban-city-handsome-confident-guy-looks-street-lifestyle-real-people-close-up-facial-confidence-human-gaze-photo.jpg,1
2_black_0_istockphoto-1394363006-612x612.jpg,1
2_black_0_istockphoto-1040472930-612x612.jpg,1
2_black_0_istockphoto-1201144328-612x612.jpg,1
2_black_0_istockphoto-1405418742-612x612.jpg,1
2_black_0_istockphoto-524857205-612x612.jpg,1
2_black_0_young-black-african-woman-closeup-nice-portrait-2F3115F.jpg,1
2_black_0_360_F_122413577_9aaH0YpJTFMxVF0cctKcwWE3n9sbRxGR.jpg,1
2_black_0_istockphoto-1310047621-612x612.jpg,1
2_black_0_istockphoto-2158303071-612x612.jpg,1
2_black_0_istockphoto-1263106535-612x612.jpg,1
2_black_0_istockphoto-1438969575-612x612.jpg,1
2_black_0_istockphoto-1200288887-640x640.jpg,1
2_black_0_istockphoto-1385216844-612x612.jpg,1
2_black_0_istockphoto-1371130309-612x612.jpg,1
2_black_0_istockphoto-1408150697-612x612.jpg,1
2_black_0_bCTDq0W3h-dqI2BuD5xzc.jpg,1
2_black_1_unknown-1024x690.jpg,1
2_black_0_istockphoto-1042419110-612x612.jpg,1
2_black_0_istockphoto-1354524757-612x612.jpg,1
2_black_0_istockphoto-1400618561-612x612.jpg,1
2_black_0_istockphoto-1340471867-612x612.jpg,1
2_black_0_istockphoto-1673644510-612x612.jpg,1
2_black_0_istockphoto-1042424400-612x612.jpg,1
2_black_0_istockphoto-1337920042-612x612.jpg,1
2_black_0_istockphoto-1413765605-612x612.jpg,1
2_black_1_istockphoto-1562519537-612x612.jpg,1
2_black_0_istockphoto-1653368202-612x612.jpg,1
2_black_0_istockphoto-1310533180-612x612.jpg,1
2_black_0_istockphoto-1036189988-612x612.jpg,1
2_black_0_360_F_391347204_XaDg0S7PtbzJRoeow3yWO1vK4pnqBVQY.jpg,1
2_black_0_istockphoto-1586326043-612x612.jpg,1
2_black_0_istockphoto-1784876425-612x612.jpg,1
2_black_1_istockphoto-1042424400-612x612.jpg,1
2_black_0_unknown-1024x690.jpg,1
2_black_0_istockphoto-1412384946-640x640.jpg,1
2_black_0_istockphoto-1391798963-640x640.jpg,1
2_black_0_istockphoto-1289461335-612x612.jpg,1
2_black_0_terimakasih0.jpg,1
2_black_0_istockphoto-613531310-612x612.jpg,1
2_black_0_istockphoto-1292475584-612x612.jpg,1
2_black_0_5AUhl6ywWSKJfWtrn9bti.jpg,1
2_black_0_istockphoto-1005545964-612x612.jpg,1
2_black_0_istockphoto-1201657177-612x612.jpg,1
2_black_0_8h7Fnv4SlawNvXd8bl-BP.jpg,1
2_black_0_istockphoto-1367902325-612x612.jpg,1
2_black_0_istockphoto-1207054655-612x612.jpg,1
2_black_0_istockphoto-1345489103-612x612.jpg,1
2_black_0_istockphoto-643325254-612x612.jpg,1
2_black_0_istockphoto-1300304411-612x612.jpg,1
2_black_0_istockphoto-1410538853-612x612.jpg,1
2_black_0_istockphoto-1208828702-640x640.jpg,1
2_black_0_istockphoto-518185032-612x612.jpg,1
2_black_0_image-asset.jpg,1
2_black_0_istockphoto-1456547726-612x612.jpg,1
2_black_1_istockphoto-1337920042-612x612.jpg,1
2_black_0_1000_F_466446411_VYFCWgiDL7LkWsdcRaG3aX8aCfe7jpMu.jpg,1
2_black_1_a25mdW9Qp2bm2LOIaa3Ca.jpg,1
2_black_0_istockphoto-1372607241-612x612.jpg,1
2_black_0_istockphoto-1017932446-612x612.jpg,1
2_black_0_istockphoto-1165314750-612x612.jpg,1
2_black_0_U2OAd2wo9q3Nn876tqlHi.jpg,1
2_black_0_istockphoto-2099407167-612x612.jpg,1
2_black_0_istockphoto-1488389611-612x612.jpg,1
2_black_0_istockphoto-518018850-612x612.jpg,1
2_black_0_istockphoto-1401573169-612x612.jpg,1
2_black_0_istockphoto-1403952374-612x612.jpg,1
5_nativeamerican_0_istockphoto-1354178254-612x612.jpg,4
5_nativeamerican_1_istockphoto-1396334367-640x640.jpg,4
5_nativeamerican_0_istockphoto-2047825864-612x612.jpg,4
5_nativeamerican_0_istockphoto-1018492986-612x612.jpg,4
5_nativeamerican_0_istockphoto-1286056634-612x612.jpg,4
5_nativeamerican_0_istockphoto-1046691296-612x612.jpg,4
5_nativeamerican_0_istockphoto-1174212491-612x612.jpg,4
5_nativeamerican_0_istockphoto-182870283-612x612.jpg,4
5_nativeamerican_0_istockphoto-1288500617-612x612.jpg,4
5_nativeamerican_0_istockphoto-1339162494-612x612.jpg,4
5_nativeamerican_0_istockphoto-890135530-612x612 (1).jpg,4
5_nativeamerican_1_istockphoto-1143698294-612x612.jpg,4
5_nativeamerican_0_istockphoto-1319254625-612x612.jpg,4
5_nativeamerican_0_istockphoto-1288500449-612x612.jpg,4
5_nativeamerican_0_istockphoto-868515060-640x640.jpg,4
5_nativeamerican_0_istockphoto-1018404484-612x612.jpg,4
5_nativeamerican_0_istockphoto-1810610380-612x612.jpg,4
5_nativeamerican_0_istockphoto-182856377-612x612.jpg,4
5_nativeamerican_0_istockphoto-890135530-612x612.jpg,4
5_nativeamerican_1_istockphoto-2160715061-612x612.jpg,4
5_nativeamerican_0_istockphoto-1017663348-612x612.jpg,4
5_nativeamerican_0_istockphoto-1046691228-612x612.jpg,4
5_nativeamerican_1_istockphoto-1019548208-640x640.jpg,4
5_nativeamerican_0_istockphoto-1071388424-612x612.jpg,4
5_nativeamerican_0_istockphoto-2153064197-612x612.jpg,4
5_nativeamerican_0_istockphoto-1394669928-612x612.jpg,4
5_nativeamerican_1_istockphoto-1855824968-612x612.jpg,4
5_nativeamerican_1_istockphoto-1018764064-612x612.jpg,4
5_nativeamerican_0_istockphoto-1500471352-612x612.jpg,4
5_nativeamerican_1_istockphoto-889473792-612x612 (1).jpg,4
5_nativeamerican_0_istockphoto-890135444-612x612.jpg,4
5_nativeamerican_0_istockphoto-1017663348-612x612 (1).jpg,4
5_nativeamerican_0_istockphoto-1396335778-640x640.jpg,4
5_nativeamerican_1_istockphoto-109720429-612x612.jpg,4
5_nativeamerican_0_istockphoto-1395602400-612x612.jpg,4
5_nativeamerican_0_istockphoto-1445563423-612x612.jpg,4
5_nativeamerican_1_istockphoto-1500471272-612x612.jpg,4
5_nativeamerican_0_istockphoto-495835218-612x612.jpg,4
5_nativeamerican_0_istockphoto-2200149246-612x612.jpg,4
5_nativeamerican_0_istockphoto-1018492984-612x612 (1).jpg,4
5_nativeamerican_0_istockphoto-538681925-612x612.jpg,4
5_nativeamerican_0_istockphoto-2050577448-612x612.jpg,4
5_nativeamerican_0_istockphoto-481777528-612x612.jpg,4
5_nativeamerican_0_istockphoto-1018492984-612x612.jpg,4
5_nativeamerican_0_istockphoto-1490527012-612x612.jpg,4
5_nativeamerican_0_istockphoto-1319254650-612x612.jpg,4
5_nativeamerican_0_istockphoto-1278442841-612x612.jpg,4
5_nativeamerican_0_istockphoto-1934796451-612x612.jpg,4
5_nativeamerican_0_istockphoto-1351417431-612x612.jpg,4
5_nativeamerican_0_istockphoto-1404389298-612x612.jpg,4
5_nativeamerican_0_istockphoto-1951832102-612x612.jpg,4
5_nativeamerican_0_istockphoto-1394671690-612x612 (1).jpg,4
5_nativeamerican_0_istockphoto-889470662-612x612.jpg,4
5_nativeamerican_0_istockphoto-1017664020-612x612.jpg,4
5_nativeamerican_0_istockphoto-1018446378-612x612 (1).jpg,4
5_nativeamerican_0_istockphoto-182855718-612x612.jpg,4
5_nativeamerican_0_istockphoto-1071388260-612x612.jpg,4
5_nativeamerican_0_istockphoto-1391140517-612x612.jpg,4
5_nativeamerican_1_istockphoto-1018764064-612x612 (2).jpg,4
5_nativeamerican_0_istockphoto-1018446378-612x612.jpg,4
5_nativeamerican_0_istockphoto-2161331244-612x612.jpg,4
5_nativeamerican_0_istockphoto-1019103268-612x612.jpg,4
5_nativeamerican_0_istockphoto-1324562330-640x640.jpg,4
5_nativeamerican_0_istockphoto-2150131308-612x612.jpg,4
5_nativeamerican_0_istockphoto-1437158168-612x612.jpg,4
5_nativeamerican_1_istockphoto-889473792-612x612.jpg,4
5_nativeamerican_0_istockphoto-1017416210-612x612.jpg,4
5_nativeamerican_0_istockphoto-1288666127-612x612.jpg,4
5_nativeamerican_0_istockphoto-2151932245-612x612.jpg,4
5_nativeamerican_0_istockphoto-1719612553-612x612.jpg,4
5_nativeamerican_0_istockphoto-1018764064-612x612 (1).jpg,4
5_nativeamerican_0_istockphoto-1143698294-612x612.jpg,4
5_nativeamerican_0_istockphoto-2154778467-612x612.jpg,4
5_nativeamerican_0_istockphoto-1394671690-612x612.jpg,4
5_nativeamerican_0_istockphoto-2150318599-612x612.jpg,4
5_nativeamerican_1_istockphoto-1018439398-612x612.jpg,4
5_nativeamerican_1_istockphoto-1018492984-612x612.jpg,4
5_nativeamerican_0_istockphoto-1069765500-612x612.jpg,4
5_nativeamerican_0_istockphoto-1017445818-612x612.jpg,4
5_nativeamerican_0_istockphoto-495834500-612x612.jpg,4
5_nativeamerican_0_istockphoto-1069765502-612x612.jpg,4
5_nativeamerican_0_istockphoto-182848102-612x612.jpg,4
5_nativeamerican_0_istockphoto-1395601958-612x612.jpg,4
5_nativeamerican_1_istockphoto-1018492984-612x612 (1).jpg,4
5_nativeamerican_0_istockphoto-863698524-640x640.jpg,4
